{"name":"ground","type":"Layer","absoluteURLs":true,"spriteDefs":[],"children":["5fa5434890f363d5","72a0dc2068158055","89be11cdc0159feb"],"images":[{"name":"5b046f7e31d3a09071004214","url":"5b046f7e31d3a09071004214"},{"name":"5b046f7e31d3a0907100420f","url":"5b046f7e31d3a0907100420f"}],"objects":{"72a0dc2068158055":{"image":"5b046f7e31d3a09071004214","type":"Bitmap","id":"72a0dc2068158055","name":"movingGround1","anchor":{"type":"BOTTOM_LEFT"},"position":[0,940],"scale":[1,1],"rotation":0,"children":[]},"89be11cdc0159feb":{"image":"5b046f7e31d3a09071004214","type":"Bitmap","id":"89be11cdc0159feb","name":"movingGround2","anchor":{"type":"BOTTOM_LEFT","value":[null,null]},"position":[640,940],"scale":[1,1],"rotation":0,"children":[]},"5fa5434890f363d5":{"image":"5b046f7e31d3a0907100420f","type":"Bitmap","id":"5fa5434890f363d5","name":"staticGround","anchor":{"type":"TOP_LEFT"},"position":[0,890],"scale":[1,0.3],"rotation":0,"children":[]}},"visible":true}