{"name":"getReady","type":"Layer","absoluteURLs":true,"spriteDefs":[],"children":["25697e6e741ce5dc","294d42def3a25106","4ba6e54e99a53a74"],"images":[{"name":"5b046f7e31d3a0907100420d","url":"5b046f7e31d3a0907100420d"},{"name":"5b046f7e31d3a09071004206","url":"5b046f7e31d3a09071004206"},{"name":"5b046f7e31d3a0907100421d","url":"5b046f7e31d3a0907100421d"},{"name":"5b046f7e31d3a09071004200","url":"5b046f7e31d3a09071004200"},{"name":"5b046f7e31d3a09071004201","url":"5b046f7e31d3a09071004201"},{"name":"5b046f7e31d3a0907100421f","url":"5b046f7e31d3a0907100421f"}],"objects":{"25697e6e741ce5dc":{"image":"5b046f7e31d3a0907100420d","type":"Bitmap","id":"25697e6e741ce5dc","name":"getReady","anchor":{"type":"TOP_CENTER","value":[null,null]},"position":[320,294],"scale":[1.2,1.2],"rotation":0,"children":[],"visible":true},"294d42def3a25106":{"type":"Bitmap","id":"294d42def3a25106","name":"bwFlappy","anchor":{"type":"TOP_CENTER","value":[null,null]},"position":[320,480],"scale":[1,1],"rotation":0,"children":[]},"7af038b1b458cd26":{"image":"5b046f7e31d3a09071004206","type":"Bitmap","id":"7af038b1b458cd26","name":"hand","anchor":{"type":"CENTER","value":[null,null]},"position":[0,70],"scale":[1,1],"rotation":0,"children":["d5ded0213f2293ea"],"visible":true},"d5ded0213f2293ea":{"image":"5b046f7e31d3a0907100421d","type":"Bitmap","id":"d5ded0213f2293ea","name":"tap","anchor":{"type":"CENTER","value":[null,null]},"position":[90,10],"scale":[1,1],"rotation":0,"children":[]},"4ba6e54e99a53a74":{"image":"5b046f7e31d3a09071004200","type":"Bitmap","id":"4ba6e54e99a53a74","name":"arrow","anchor":{"type":"CENTER","value":[null,null]},"position":[320,570],"scale":[1,1],"rotation":0,"children":["2948b5753fd7040f","7af038b1b458cd26"]},"ec89e4a189f43133":{"image":"5b046f7e31d3a09071004201","type":"Bitmap","id":"ec89e4a189f43133","name":"click","anchor":{"type":"CENTER","value":[null,null]},"position":[95,10],"scale":[0.9,0.9],"rotation":0,"children":[],"visible":true},"2948b5753fd7040f":{"image":"5b046f7e31d3a0907100421f","type":"Bitmap","id":"2948b5753fd7040f","name":"mouse","anchor":{"type":"CENTER","value":[null,null]},"position":[1,70],"scale":[1,1],"rotation":0,"children":["ec89e4a189f43133"],"alpha":1}},"visible":true}