{"name":"menuAction","type":"Layer","absoluteURLs":true,"spriteDefs":[{"name":"5b046f7e31d3a09071004204","url":"5b046f7e31d3a09071004204"},{"name":"5b046f7e31d3a0907100421b","url":"5b046f7e31d3a0907100421b"},{"name":"5b046f7e31d3a09071004213","url":"5b046f7e31d3a09071004213"}],"children":["ce80c7fb9caed7b0","85c7eb4ad256ce30","3e82ca184c8519be","e83a37a8ef689dec"],"images":[{"name":"5b046f7e31d3a09071004205","url":"5b046f7e31d3a09071004205"},{"name":"5b046f7e31d3a09071004207","url":"5b046f7e31d3a09071004207"},{"name":"5b046f7e31d3a0907100421e","url":"5b046f7e31d3a0907100421e"},{"name":"5b046f7e31d3a09071004210","url":"5b046f7e31d3a09071004210"},{"name":"5b046f7e31d3a09071004208","url":"5b046f7e31d3a09071004208"}],"objects":{"3e82ca184c8519be":{"image":"5b046f7e31d3a09071004205","type":"Bitmap","id":"3e82ca184c8519be","name":"playButton","anchor":{"type":"CENTER","value":[null,null]},"position":[320,650],"scale":[1,1],"rotation":0,"children":[]},"6aba06dcbb1e3a47":{"spriteDef":"5b046f7e31d3a09071004204","type":"Sprite","id":"6aba06dcbb1e3a47","name":"menuFlappy","anchor":{"type":"CENTER","value":[null,null]},"position":[230,0],"scale":[0.4,0.4],"rotation":0,"children":[],"visible":true},"e83a37a8ef689dec":{"type":"Bitmap","id":"e83a37a8ef689dec","name":"title","anchor":{"type":"CENTER","value":[null,null]},"position":[270,300],"scale":[1.3,1.3],"rotation":0,"children":["6aba06dcbb1e3a47"],"visible":true},"ce80c7fb9caed7b0":{"image":"5b046f7e31d3a09071004207","type":"Bitmap","id":"ce80c7fb9caed7b0","name":"gameOver","anchor":{"type":"CENTER"},"position":[320,180],"scale":[1.1,1.1],"rotation":0,"children":[],"visible":false},"85c7eb4ad256ce30":{"image":"5b046f7e31d3a0907100421e","type":"Bitmap","id":"85c7eb4ad256ce30","name":"scoreboard","anchor":{"type":"TOP_CENTER"},"position":[320,960],"scale":[1,1],"rotation":0,"children":["4cf3ccb1bb852977","013f33ba2fd3b25f","2538d5557295f8f0","46c448884743a99c"],"visible":true},"013f33ba2fd3b25f":{"spriteDef":"5b046f7e31d3a0907100421b","type":"Sprite","id":"013f33ba2fd3b25f","name":"medal","anchor":{"type":"CENTER","value":[null,null]},"position":[-146,138],"scale":[1,1],"rotation":0,"children":[],"currentAnimation":"bronze","visible":true},"2538d5557295f8f0":{"spriteDef":"5b046f7e31d3a09071004213","type":"Sprite","id":"2538d5557295f8f0","name":"score","anchor":{"type":"TOP_LEFT"},"position":[177,72],"scale":[0.5,0.5],"rotation":0,"children":[]},"46c448884743a99c":{"spriteDef":"5b046f7e31d3a09071004213","type":"Sprite","id":"46c448884743a99c","name":"best","anchor":{"type":"TOP_LEFT"},"position":[177,164],"scale":[0.5,0.5],"rotation":0,"children":[]},"4cf3ccb1bb852977":{"image":"5b046f7e31d3a09071004208","type":"Bitmap","id":"4cf3ccb1bb852977","name":"newHiScore","anchor":{"type":"TOP_LEFT"},"position":[70,135],"scale":[1.3,1.3],"rotation":0,"children":[],"visible":false}}}