{"name":"gameAction","type":"Layer","absoluteURLs":true,"spriteDefs":[{"name":"5b046f7e31d3a09071004204","url":"5b046f7e31d3a09071004204"},{"name":"5b046f7e31d3a09071004213","url":"5b046f7e31d3a09071004213"}],"children":["2b0a415b0c7be9d4","0f9150d5b80c2715","9118bfb5ff0956dc"],"images":[{"name":"5b046f7e31d3a090710041ff","url":"5b046f7e31d3a090710041ff"},{"name":"5b046f7e31d3a0907100420e","url":"5b046f7e31d3a0907100420e"},{"name":"5b046f7e31d3a09071004210","url":"5b046f7e31d3a09071004210"}],"objects":{"0f9150d5b80c2715":{"spriteDef":"5b046f7e31d3a09071004204","type":"Sprite","id":"0f9150d5b80c2715","name":"gameFlappy","anchor":{"type":"CENTER"},"position":[195,525],"scale":[0.5,0.5],"rotation":0,"children":[]},"2b0a415b0c7be9d4":{"type":"Object2d","id":"2b0a415b0c7be9d4","name":"pipesContainer","anchor":{"type":"CENTER"},"position":[0,0],"scale":[1,1],"rotation":0,"children":["3b5c0929e8160ce3"]},"3b5c0929e8160ce3":{"image":"5b046f7e31d3a090710041ff","type":"Bitmap","id":"3b5c0929e8160ce3","name":"pipeDown","anchor":{"type":"TOP_LEFT"},"position":[640,0],"scale":[1,1.8],"rotation":0,"children":["22494e85acf44a58"]},"22494e85acf44a58":{"image":"5b046f7e31d3a0907100420e","type":"Bitmap","id":"22494e85acf44a58","name":"pipeTop","anchor":{"type":"TOP_LEFT"},"position":[0,410],"scale":[1,1],"rotation":0,"children":[]},"9118bfb5ff0956dc":{"spriteDef":"5b046f7e31d3a09071004213","type":"Sprite","id":"9118bfb5ff0956dc","name":"score","anchor":{"type":"TOP_CENTER"},"position":[320,130],"scale":[1.3,1.3],"rotation":0,"children":[],"currentAnimation":"0"}},"visible":true}