{"name":"number","defaultAnimation":"0","defaultFps":10,"animations":{"0":{"offset":[0,0],"frameWidth":49,"frameHeight":77,"frameNumber":1,"loop":false,"fps":1},"1":{"offset":[50,0],"frameWidth":49,"frameHeight":77,"frameNumber":1,"loop":false,"fps":1},"2":{"offset":[100,0],"frameWidth":49,"frameHeight":77,"frameNumber":1,"loop":false,"fps":1},"3":{"offset":[150,0],"frameWidth":49,"frameHeight":77,"frameNumber":1,"loop":false,"fps":1},"4":{"offset":[200,0],"frameWidth":49,"frameHeight":77,"frameNumber":1,"loop":false,"fps":1},"5":{"offset":[250,0],"frameWidth":49,"frameHeight":77,"frameNumber":1,"loop":false,"fps":1},"6":{"offset":[300,0],"frameWidth":49,"frameHeight":77,"frameNumber":1,"loop":false,"fps":1},"7":{"offset":[350,0],"frameWidth":49,"frameHeight":77,"frameNumber":1,"loop":false,"fps":1},"8":{"offset":[400,0],"frameWidth":49,"frameHeight":77,"frameNumber":1,"loop":false,"fps":1},"9":{"offset":[450,0],"frameWidth":49,"frameHeight":77,"frameNumber":1,"loop":false,"fps":1}},"image":"5b046f7e31d3a09071004210"}