{
    "id": "game.accountManager",
    "provides": ["game.accountManager"],
    "consumes": [
        "igloo.logger",
        "igloo.fatal",
        "igloo.eventsManager",
        "languageManager",
        "game.uiManager",
        "game.gameManager",
        "accountManager",
        "game.gameRankings",
        "game.runnerManager",
        "stats",
        "uitools.slideshow"
    ],
    "config": {
        "accountSignUpURL": "http://localhost:8085/?op=signup&profile=gamer",
        "playURL": "http://play.wimi5.com",
        "errorsStore": "gameAccountManager",
        "key": 13,
        "fullScreenButtonsTimeout": 500,
        "signupSlideShow": {
            "autoSlide": 5000,
            "slides_en": {
                "page1": {
                    "text": "Discover the advantages of being registered",
                    "html": "<div class='slide-container'><span class='slide-image multidevice'></span><span class='slide-text'><span class='strong'>Save your progress</span><br> & <br> continue playing from <br><span class='strong underline'>all your devices</span></div>"
                },
                "page2": {
                    "text": "Discover the advantages of being registered",
                    "html":"<div class='slide-container'><span class='slide-image ranking'></span><span class='slide-text'>Access the <span class='strong'>ranking</span><br> &<br> <span class='strong underline'>challenge your friends</span> <br>to show them who's the boss</span></div>"
                },
                "page3": {
                    "text": "Discover the advantages of being registered",
                    "html":"<div class='slide-container'><span class='slide-image superpowers'></span><span class='slide-text'>Access to <br><span class='strong underline'>virtual gaming items</span> <br>&<br> acquire <span class='strong'>superpowers</span></span></div>"
                }
            }
        }
    },
    "activator": "PENGO.client.plugins.game.accountManager.activator",
    "src" : {
        "baseURL": "/client/plugins/game.accountManager/src/",
        "js": {
            "autoRequires": true,
            "loadMode-dwm": "notCompiled",
            "loadMode": "compiled",
            "compiled": "gameAccountManager.min.js",
            "notCompiled": [
                "gameAccountManagerErrors.js",
                "gameAccountManagerModel.js",
                "gameAccountManagerView.js",
                "gameAccountManagerController.js",
                "gameAccountManagerModule.js",
                "gameAccountManagerActivator.js"
            ]
        },
        "template": "gameAccountManager.template"
    },
    "res":{
        "baseURL":"/client/plugins/game.accountManager/res/",
        "text": "texts_#.json",
        "images":"images",
        "css": {
            "loadMode-dwm": "notCompiled",
            "loadMode": "compiled",
            "compiled" : "gameAccountManager.css",
            "notCompiled": [ "gameAccountManager.css" ]
        }
    }
}