{"id":"game.launcher","defInstallation":"url","defDescriptor":"plugin.json","defStatic":"static.json","defCompound":false,"test":false,"version":"0.6.2","appkey":"5af4a92331d3a09071000c62","type":"package","plugins":{"languageManager":{"baseURL":"client/plugins/languageManager/src/","src":{"baseURL":"client/plugins/languageManager/src/"},"res":{"baseURL":"client/plugins/languageManager/res/"}},"accountManager":{"baseURL":"client/plugins/accountManager/src/","src":{"baseURL":"client/plugins/accountManager/src/"},"res":{"baseURL":"client/plugins/accountManager/res/"},"config":{"data":{"default":{"mode":"standalone","app":"game","accountSignUpURL":"http://localhost:8085/?op=signup","signUpURL":"http://localhost:8083/signup","postSignUpURL":null,"activateURL":"http://localhost:8083/activate","signInURL":"http://localhost:8083/auth/password","signInAnonymousURL":"http://localhost:8083/auth/anonymous","getSessionInfoURL":"http://localhost:8083/session","signOutURL":"http://localhost:8083/signout","recoverURL":"http://localhost:8083/recover","verifyNameURL":"http://localhost:8083/verify/name","verifyEmailURL":"http://localhost:8083/verify/email","recaptcha":{"enabled":false,"publicKey":"6LcXdfISAAAAACZdQ1_MGpMxMhQrSzTa5sFJH-9X"},"guest":true,"key":13,"signUpFormCloseButton":true},"preproduction":{"accountSignUpURL":"https://preaccounts.wimi5.com/?op=signup","signUpURL":"https://pregames.wimi5.com/signup","postSignUpURL":"http://play.wimi5.com","recaptcha":{"enabled":false,"publicKey":"6LcRdfISAAAAAPqM74c_SRcYPgjXd_Hhw1Wznf-E"},"activateURL":"https://pregames.wimi5.com/activate","signInURL":"https://pregames.wimi5.com/auth/password","signInAnonymousURL":"https://pregames.wimi5.com/auth/anonymous","getSessionInfoURL":"https://pregames.wimi5.com/session","signOutURL":"https://pregames.wimi5.com/signout","recoverURL":"https://pregames.wimi5.com/recover","verifyNameURL":"https://pregames.wimi5.com/verify/name","verifyEmailURL":"https://pregames.wimi5.com/verify/email"},"production":{"accountSignUpURL":"https://accounts.wimi5.com/?op=signup","signUpURL":"https://games.wimi5.com/signup","postSignUpURL":"http://play.wimi5.com","recaptcha":{"enabled":false,"publicKey":"6LcRdfISAAAAAPqM74c_SRcYPgjXd_Hhw1Wznf-E"},"activateURL":"https://games.wimi5.com/activate","signInURL":"https://games.wimi5.com/auth/password","signInAnonymousURL":"https://games.wimi5.com/auth/anonymous","getSessionInfoURL":"https://games.wimi5.com/session","signOutURL":"https://games.wimi5.com/signout","recoverURL":"https://games.wimi5.com/recover","verifyNameURL":"https://games.wimi5.com/verify/name","verifyEmailURL":"https://games.wimi5.com/verify/email"}}}},"game.accountManager":{"baseURL":"client/plugins/game.accountManager/src/","src":{"baseURL":"client/plugins/game.accountManager/src/"},"res":{"baseURL":"client/plugins/game.accountManager/res/"},"config":{"compound":true,"data":{"default":{"accountSignUpURL":"http://localhost:8085/?op=signup&profile=gamer","errorsStore":"gameAccountManager","key":13},"preproduction":{"accountSignUpURL":"https://pregames.wimi5.com/?op=signup&profile=gamer"},"production":{"accountSignUpURL":"https://games.wimi5.com/?op=signup&profile=gamer"}}}},"ws":{"baseURL":"client/plugins/ws/src/","src":{"baseURL":"client/plugins/ws/src/"}},"net":{"baseURL":"client/plugins/net/src/","src":{"baseURL":"client/plugins/net/src/"},"config":{"data":{"default":{"id":"client","type":"game","data":null,"protocol":"ws","host":"localhost:8083","reconnectionInterval":5000,"msgTimeout":7200000},"preproduction":{"protocol":"wss","host":"pregames.wimi5.com"},"production":{"protocol":"wss","host":"games.wimi5.com"}}}},"netManager":{"baseURL":"client/plugins/netManager/src/","src":{"baseURL":"client/plugins/netManager/src/"},"res":{"baseURL":"client/plugins/netManager/res/"},"config":{"compound":true,"data":{"default":{"reconnect":30,"hideReconnectDialog":true}}}},"uiManager":{"baseURL":"client/plugins/uiManager/src/","src":{"baseURL":"client/plugins/uiManager/src/"},"res":{"baseURL":"client/plugins/uiManager/res/"}},"uitools.slideshow":{"baseURL":"client/plugins/uitools.slideshow/src/","src":{"baseURL":"client/plugins/uitools.slideshow/src/"},"res":{"baseURL":"client/plugins/uitools.slideshow/res/"},"config":{"compound":true,"data":{"wimilogo":"client/plugins/uitools.slideshow/res/images/wimi.png"}}},"theme":{"baseURL":"client/plugins/theme/src/","src":{"baseURL":"client/plugins/theme/src/"},"res":{"baseURL":"client/plugins/theme/res/"}},"virtualGoods":{"baseURL":"client/plugins/virtualGoods/src/","src":{"baseURL":"client/plugins/virtualGoods/src/"},"config":{"compound":true,"data":{"default":{"remoteOrdersService":"virtualGoods.orders","remoteExecutionService":"virtualGoods.execution","errorsStore":"virtualGoods"}}}},"paymentsMgr":{"baseURL":"client/plugins/paymentsMgr/src/","src":{"baseURL":"client/plugins/paymentsMgr/src/"}},"shoppingCart":{"baseURL":"client/plugins/shoppingCart/src/","src":{"baseURL":"client/plugins/shoppingCart/src/"},"res":{"baseURL":"client/plugins/shoppingCart/res/"},"config":{"compound":true,"data":{"default":{"errorsStore":"shoppingCart","payRedirect":{"link":"http://localhost:8083/payments/redirect.html","cdmOrigin":"http://localhost:8083"},"payResponse":{"cdmOrigin":"http://localhost:8083,http://devgames.wimi5.com:8083"}},"preproduction":{"payRedirect":{"link":"https://pregames.wimi5.com/payments/redirect.html","cdmOrigin":"https://pregames.wimi5.com"},"payResponse":{"cdmOrigin":"https://pregames.wimi5.com"}},"production":{"payRedirect":{"link":"https://games.wimi5.com/payments/redirect.html","cdmOrigin":"https://games.wimi5.com"},"payResponse":{"cdmOrigin":"https://games.wimi5.com,https://play.wimi5.com"}}}}},"gameRankings":{"baseURL":"client/plugins/gameRankings/src/","src":{"baseURL":"client/plugins/gameRankings/src/"},"config":{"compound":true,"data":{"default":{"remoteExecutionService":"gameRankings.execution"}}}},"matchDataStorage":{"baseURL":"client/plugins/matchDataStorage/src/","src":{"baseURL":"client/plugins/matchDataStorage/src/"},"config":{"compound":true,"data":{"default":{"errorsStore":"matchDataStorage"}}}},"stats":{"baseURL":"client/plugins/stats/src/","src":{"baseURL":"client/plugins/stats/src/"},"res":{"baseURL":"client/plugins/stats/res/"},"config":{"compound":true,"data":{"default":{"errorsStore":"stats","transports":[]},"preproduction":{"transports":[{"name":"googleAnalytics","config":{"autoStart":false,"properties":[{"id":"UA-40560513-5","name":"default","userIDTracking":false}]}},{"name":"piwikAnalytics","config":{"autoStart":false,"clientURL":"https://analytics.wimi5.com/piwik.js","properties":[{"id":7,"name":"preproduction","trackerURL":"https://analytics.wimi5.com/piwik.php","userIDTracking":true}]}},{"name":"wimi5Analytics","config":{"tokenURL":"https://admin.wimi5.com/token","statsURL":"https://admin.wimi5.com/stats","properties":[{"name":"default","userIDTracking":true}]}}]},"production":{"transports":[{"name":"googleAnalytics","config":{"autoStart":false,"properties":[{"id":"UA-40560513-10","name":"default","userIDTracking":false}]}},{"name":"piwikAnalytics","config":{"autoStart":false,"clientURL":"client/lib/piwik/piwik.js","properties":[{"id":5,"name":"gamers","trackerURL":"https://analytics.wimi5.com/piwik.php","userIDTracking":true}]}},{"name":"wimi5Analytics","config":{"tokenURL":"https://admin.wimi5.com/token","statsURL":"https://admin.wimi5.com/stats","properties":[{"name":"default","userIDTracking":true}]}}]}}}},"game.uiManager":{"baseURL":"client/plugins/game.uiManager/src/","src":{"baseURL":"client/plugins/game.uiManager/src/"},"res":{"baseURL":"client/plugins/game.uiManager/res/"},"config":{"compound":true,"data":{"default":{"showCookieAlert":false,"showCookiePolicyAcceptance":true},"preproduction":{"PWLDomain":["predeveloper.wimi5.com","prelabs.wimi5.com"]},"production":{"PWLDomain":["developer.wimi5.com","labs.wimi5.com"]}}}},"game.gameManager":{"baseURL":"client/plugins/game.gameManager/src/","src":{"baseURL":"client/plugins/game.gameManager/src/"},"res":{"baseURL":"client/plugins/game.gameManager/res/"},"config":{"compound":true,"data":{"default":{"mode":"packed","resourcesPath":""}}}},"game.loader":{"baseURL":"client/plugins/game.loader/src/","src":{"baseURL":"client/plugins/game.loader/src/"},"res":{"baseURL":"client/plugins/game.loader/res/"},"config":{"compound":true,"data":{"default":{"resourcesPath":""}}}},"game.runnerManager":{"baseURL":"client/plugins/game.runnerManager/src/","src":{"baseURL":"client/plugins/game.runnerManager/src/"},"res":{"baseURL":"client/plugins/game.runnerManager/res/"},"config":{"compound":true,"data":{"default":{"managersMapPath":"client/sharedByRequire/runEngine/src/managersMapLauncher.json","needVG":true}}}},"game.gameRankings":{"baseURL":"client/plugins/game.gameRankings/src/","src":{"baseURL":"client/plugins/game.gameRankings/src/"},"res":{"baseURL":"client/plugins/game.gameRankings/res/"},"config":{"compound":true,"data":{"default":{"topRankingRows":20}}}},"game.adsManager":{"baseURL":"client/plugins/game.adsManager/src/","src":{"baseURL":"client/plugins/game.adsManager/src/"},"res":{"baseURL":"client/plugins/game.adsManager/res/"},"config":{"compound":true,"data":{"default":{"errorsStore":"gameAdsManagerManager","PWLDomain":["localhost:8082","localhost:8084"],"defaultTimeout":30000,"adsProviders":[{"name":"adsense","enabled":true,"config":{"desktop":"client/plugins/game.adsManager/src/adsProviders/adsense/ads.html","mobile":"client/plugins/game.adsManager/src/adsProviders/adsense/adsmobile.html","timeout":30000,"containertimeout":3000,"div":"outstreamContainer"}}]},"preproduction":{"PWLDomain":["predeveloper.wimi5.com","prelabs.wimi5.com"]},"production":{"PWLDomain":["developer.wimi5.com","labs.wimi5.com"]}}}},"support":{"baseURL":"client/plugins/support/src/","src":{"baseURL":"client/plugins/support/src/"},"config":{"compound":true,"data":{"default":{"errorsURL":"http://localhost:8085/support/errors"},"preproduction":{"errorsURL":"https://preaccounts.wimi5.com/support/errors"},"production":{"errorsURL":"https://accounts.wimi5.com/support/errors"}}}}}}