{
    "id": "virtualGoods",
    "provides": ["virtualGoods.execution", "virtualGoods.edition", "virtualGoods.orders", "virtualGoods.cart"],
    "consumes": [
        "igloo.logger",
        "igloo.fatal",
        "igloo.eventsManager",
        "net"
    ],
    "config": {
        "errorsStore": "virtualGoods",
        "staticResURL": "/store/#id?token=#token"
    },
    "activator": "PENGO.client.plugins.virtualGoods.activator",
    "src" : {
        "baseURL": "/client/plugins/virtualGoods/src/",
        "js": {
            "autoRequires": true,
            "loadMode-dwm": "notCompiled",
            "loadMode": "compiled",
            "compiled": "virtualGoods.min.js",
            "notCompiled": ["errors.js", "model.js", "controller.js", "staticOps.js", "module.js", "activator.js"]
        }
    }
}
