{
    "id": "wsclient",
    "provides": ["net"],
    "consumes": [
        "igloo.logger",
        "igloo.eventsManager",
        "ws",
        "wsfactory",
        "stats"
    ],
    "config" : {
        "id": "client",
        "type": "ide",
        "data": null,
        "reconnectionInterval": 5000,
        "msgTimeout": 15000
    },
    "activator": "PENGO.client.plugins.net.client.platform.activator",
    "src" : {
        "baseURL": "/client/plugins/net/src/",
        "js": {
            "loadMode-dwm": "notCompiled",
            "loadMode": "compiled",
            "compiled" : "net.min.js",
            "notCompiled":  ["wsclient.js",  "rpc.js", "msgManager.js", "activator.js"]
        },
        "templates": "TODO"
    }
}
