{"animations":{"left":{"offset":[0,0],"frameWidth":375,"frameHeight":300,"frameNumber":1,"loop":true},"left jump":{"offset":[0,0],"frameWidth":374,"frameHeight":300,"frameNumber":1,"loop":true},"left stop":{"offset":[0,0],"frameWidth":375,"frameHeight":300,"frameNumber":1,"loop":false},"right":{"offset":[0,0],"frameWidth":375,"frameHeight":300,"frameNumber":1,"loop":true},"right jump":{"offset":[0,0],"frameWidth":375,"frameHeight":300,"frameNumber":1,"loop":true},"right stop":{"offset":[0,0],"frameWidth":375,"frameHeight":300,"frameNumber":1,"loop":false}},"defaultAnimation":"left","defaultFps":10,"image":"5af4bccb12d058be040012c6","name":"potato"}