{"absoluteURLs":true,"children":["11062b564a55c94a","688369230539cb84","98ba1ec916a40dd8"],"images":[{"name":"5af4a92331d3a09071000c65","url":"5af4a92331d3a09071000c65"}],"name":"background","objects":{"11062b564a55c94a":{"anchor":{"type":"TOP_LEFT"},"children":[],"id":"11062b564a55c94a","image":"5af4a92331d3a09071000c65","name":"background","position":[2,-13],"rotation":0,"scale":[1,1],"type":"Bitmap"},"688369230539cb84":{"font":"arial","fontSize":20,"text":"DINERO:","fill":true,"color":[255,255,255],"type":"Text","id":"688369230539cb84","name":"Text","anchor":{"type":"BOTTOM_LEFT"},"position":[100,100],"scale":[1,1],"rotation":0,"children":[]},"98ba1ec916a40dd8":{"font":"arial","fontSize":20,"text":"0","fill":true,"color":[255,255,255],"type":"Text","id":"98ba1ec916a40dd8","name":"Text","anchor":{"type":"BOTTOM_LEFT"},"position":[195,99],"scale":[1,1],"rotation":0,"children":[]}},"spriteDefs":[],"type":"Layer"}