{"absoluteURLs":true,"children":["4beb0a52bc3d40fd","82974d66b6c2cd57"],"images":[{"name":"5af4bccb12d058be040012c6","url":"5af4bccb12d058be040012c6"},{"name":"5af4ad9a12d058be040012b6","url":"5af4ad9a12d058be040012b6"}],"name":"character","objects":{"4beb0a52bc3d40fd":{"anchor":{"type":"TOP_LEFT"},"children":[],"currentAnimation":"right stop","id":"4beb0a52bc3d40fd","name":"potato","position":[422,321],"rotation":0,"scale":[0.6,0.6],"spriteDef":"5af4a92331d3a09071000c66","type":"Sprite"},"82974d66b6c2cd57":{"spriteDef":"5af4ada212d058be040012b7","currentAnimation":"animation0","type":"Sprite","id":"82974d66b6c2cd57","name":"money","anchor":{"type":"TOP_LEFT"},"position":[781,385.99999999999994],"scale":[0.28666666666666674,0.2400000000000001],"rotation":0,"children":[]}},"spriteDefs":[{"name":"5af4a92331d3a09071000c66","url":"5af4a92331d3a09071000c66"},{"name":"5af4ada212d058be040012b7","url":"5af4ada212d058be040012b7"}],"type":"Layer"}