{
    "id": "game.runnerManager",
    "provides": ["game.runnerManager"],
    "consumes": [
        "igloo.logger",
        "igloo.eventsManager",
        "igloo.fatal",
        "virtualGoods.orders",
        "virtualGoods.execution",
        "virtualGoods.cart",
        "matchDataStorage",
        "game.gameRankings",
        "storage.server",
        "game.uiManager",
        "game.loader",
        "game.gameManager",
        "game.accountManager"
    ],
    "config": {
        "defaultGameWidth": 1024,
        "defaultGameHeight": 576,
        "managersMapPath": "/client/sharedByRequire/runEngine/src/managersMap.json",
        "needVG": true,
        "needDS": true,
        "needRanking": true,
        "needAM": true
    },
    "activator": "PENGO.client.plugins.game.runnerManager.activator",
    "src" : {
        "baseURL": "/client/plugins/game.runnerManager/src/",
        "js": {
            "loadMode-dwm": "notCompiled",
            "loadMode": "compiled",
            "compiled": "gameRunnerManager.min.js",
            "notCompiled":  [
                "../../../sharedByRequire/runEngine/src/params/basicParamTypes.js",
                "../../../sharedByRequire/runEngine/src/params/paramManager.js",
                "../../../sharedByRequire/runEngine/src/connector.js",
                "../../../sharedByRequire/runEngine/src/blackboxes/output.js",
                "../../../sharedByRequire/runEngine/src/blackboxes/paramConnector.js",
                "../../../sharedByRequire/runEngine/src/blackboxes/blackboxRepository.js",
                "../../../sharedByRequire/runEngine/src/blackboxes/blackbox.js",
                "../../../sharedByRequire/runEngine/src/params/param.js",
                "../../../sharedByRequire/runEngine/src/params/paramComponent.js",
                "../../../sharedByRequire/runEngine/src/params/paramCollection.js",
                "../../../sharedByRequire/runEngine/src/params/paramObject.js",
                "../../../sharedByRequire/runEngine/src/blackboxes/parameters/actuators/actionOnParam.js",
                "../../../sharedByRequire/runEngine/src/blackboxes/device/sensors/keyboardListener.js",
                "../../../sharedByRequire/runEngine/src/blackboxes/device/sensors/keyListener.js",
                "../../../sharedByRequire/runEngine/src/blackboxes/device/sensors/mouseListener.js",
                "../../../sharedByRequire/runEngine/src/blackboxes/device/sensors/touchListener.js",
                "../../../sharedByRequire/runEngine/src/blackboxes/device/sync/touchScreenCheck.js",
                "../../../sharedByRequire/runEngine/src/blackboxes/logic/actuators/valueCopier.js",
                "../../../sharedByRequire/runEngine/src/blackboxes/logic/actuators/valueReferencer.js",
                "../../../sharedByRequire/runEngine/src/blackboxes/logic/actuators/copyParams.js",
                "../../../sharedByRequire/runEngine/src/blackboxes/logic/actuators/paramSelector.js",
                "../../../sharedByRequire/runEngine/src/blackboxes/logic/actuators/manageBoolean.js",
                "../../../sharedByRequire/runEngine/src/blackboxes/logic/actuators/counter.js",
                "../../../sharedByRequire/runEngine/src/blackboxes/logic/actuators/randomizer.js",
                "../../../sharedByRequire/runEngine/src/blackboxes/logic/actuators/caseSelector.js",
                "../../../sharedByRequire/runEngine/src/blackboxes/logic/actuators/eventSwitch.js",
                "../../../sharedByRequire/runEngine/src/blackboxes/logic/actuators/fireGate.js",
                "../../../sharedByRequire/runEngine/src/blackboxes/logic/actuators/fireSelector.js",
                "../../../sharedByRequire/runEngine/src/blackboxes/logic/actuators/scriptRunner.js",
                "../../../sharedByRequire/runEngine/src/blackboxes/logic/actuators/switcher.js",
                "../../../sharedByRequire/runEngine/src/blackboxes/logic/actuators/comparator.js",
                "../../../sharedByRequire/runEngine/src/blackboxes/logic/actuators/onlyOne.js",
                "../../../sharedByRequire/runEngine/src/blackboxes/logic/actuators/waitForAll.js",
                "../../../sharedByRequire/runEngine/src/blackboxes/logic/actuators/sequenceChecker.js",
                "../../../sharedByRequire/runEngine/src/blackboxes/logic/actuators/browserDetect.js",
                "../../../sharedByRequire/runEngine/src/blackboxes/logic/actuators/sequenceController.js",
                "../../../sharedByRequire/runEngine/src/blackboxes/logic/sensors/repeatFor.js",
                "../../../sharedByRequire/runEngine/src/blackboxes/logic/sensors/repeatWhile.js",
                "../../../sharedByRequire/runEngine/src/blackboxes/logic/sensors/trigger.js",
                "../../../sharedByRequire/runEngine/src/blackboxes/logic/sensors/bbWhile.js",
                "../../../sharedByRequire/runEngine/src/blackboxes/logic/sensors/keepActive.js",
                "../../../sharedByRequire/runEngine/src/blackboxes/logic/sensors/interpolator.js",
                "../../../sharedByRequire/runEngine/src/blackboxes/time/sync/getElapsedTime.js",
                "../../../sharedByRequire/runEngine/src/blackboxes/time/async/timer.js",
                "../../../sharedByRequire/runEngine/src/blackboxes/time/async/delayer.js",
                "../../../sharedByRequire/runEngine/src/blackboxes/collection/actuators/itemAdder.js",
                "../../../sharedByRequire/runEngine/src/blackboxes/collection/actuators/collectionTraverse.js",
                "../../../sharedByRequire/runEngine/src/blackboxes/collection/actuators/collectionIterator.js",
                "../../../sharedByRequire/runEngine/src/blackboxes/collection/actuators/traverseControl.js",
                "../../../sharedByRequire/runEngine/src/blackboxes/collection/actuators/traverseEach.js",
                "../../../sharedByRequire/runEngine/src/blackboxes/collection/actuators/getItems.js",
                "../../../sharedByRequire/runEngine/src/blackboxes/collection/actuators/getRandomItems.js",
                "../../../sharedByRequire/runEngine/src/blackboxes/collection/actuators/randomItemGetter.js",
                "../../../sharedByRequire/runEngine/src/blackboxes/collection/actuators/itemRemover.js",
                "../../../sharedByRequire/runEngine/src/blackboxes/collection/actuators/lengthGetter.js",
                "../../../sharedByRequire/runEngine/src/blackboxes/collection/actuators/emptyCollection.js",
                "../../../sharedByRequire/runEngine/src/blackboxes/collection/actuators/actionOnCollection.js",
                "../../../sharedByRequire/runEngine/src/blackboxes/object/actuators/forEachKey.js",
                "../../../sharedByRequire/runEngine/src/blackboxes/object/actuators/traverseKeys.js",
                "../../../sharedByRequire/runEngine/src/blackboxes/object/actuators/regItemTypeOf.js",
                "../../../sharedByRequire/runEngine/src/blackboxes/object/actuators/regGetItems.js",
                "../../../sharedByRequire/runEngine/src/blackboxes/object/actuators/regItemAdder.js",
                "../../../sharedByRequire/runEngine/src/blackboxes/object/actuators/regItemRemover.js",
                "../../../sharedByRequire/runEngine/src/blackboxes/user/sync/showSignIn.js",
                "../../../sharedByRequire/runEngine/src/blackboxes/user/sync/showSignUp.js",
                "../../../sharedByRequire/runEngine/src/blackboxes/user/sync/isAnonymous.js",
                "../../../sharedByRequire/runEngine/src/stats/pengoStats.js",
                "../../../sharedByRequire/runEngine/src/script.js",
                "../../../sharedByRequire/runEngine/src/level.js",
                "../../../sharedByRequire/runEngine/src/assetFactory.js",
                "../../../sharedByRequire/runEngine/src/idMapper.js",
                "../../../sharedByRequire/runEngine/src/notifier.js",
                "../../../sharedByRequire/runEngine/src/runner.js",
                "runnerManager.js",
                "activator.js"
            ]
        },
        "template": "runner.template"
    },
    "res": {
        "baseURL": "/client/plugins/game.runnerManager/res/",
        "css": {
            "loadMode-dwm": "notCompiled",
            "loadMode": "compiled",
            "compiled" : "gameRunnerManager.css",
            "notCompiled":  ["gameRunnerManager.css"]
        }
    }
}