{
    "id": "game.loader",
    "provides": ["game.loader"],
    "consumes": [
        "igloo.logger",
        "igloo.fatal",
        "igloo.eventsManager",
        "stats",
        "game.gameManager"
    ],
    "config": {
        "resTypes": "res_types.json",
        "errorsStore": "gameLoader",
        "resourcesPath": "/resources",
        "codeRunnerPath": "/scripts.js"
    },
    "activator": "PENGO.client.plugins.game.loader.activator",
    "src" : {
        "baseURL": "/client/plugins/game.loader/src/",
        "js": {
            "autoRequires": true,
            "loadMode-dwm": "notCompiled",
            "loadMode": "compiled",
            "compiled": "game.loader.min.js",
            "notCompiled": ["errors.js", "loader.js", "activator.js"]
        }
    }
}