{
    "imports": {
        "bbWrappers": { "name": "PENGO.client.shared.backboneWrappers", "version": "0.0.1" },
        "pengoError": { "name": "PENGO.shared.error", "version": "0.0.1" },
        "uiManager": { "name": "PENGO.client.shared.uiManager", "version": "0.0.1" },
        "inheritance": { "name": "PENGO.shared.inheritance", "version": "0.0.1" },
        "require": { "name": "PENGO.client.igloo.require", "version": "*" },
        "util": { "name": "PENGO.shared.util", "version": "0.0.1" }
    }
}