{
    "imports": {
        "rpc": { "name": "PENGO.shared.rpc", "version": "0.0.1" },
        "pengoError": { "name": "PENGO.shared.error", "version": "0.0.1" },
        "util": { "name": "PENGO.shared.util", "version": "0.0.1" },
        "inheritance": { "name": "PENGO.shared.inheritance", "version": "0.0.1" },
        "require": { "name": "PENGO.client.igloo.require", "version": "*" },
        "net": { "name": "PENGO.shared.net", "version": "0.0.1" },
        "storage": { "name": "PENGO.client.shared.storage", "version": "0.0.1" }
    }
}
